Zone,State,Distributor,Dealer,MT,SF_Id
Central,Madhya Pradesh,Global Steel,ADINATH ENTERPRISES,3,0015g00001Xaj9UAAR
Central,Madhya Pradesh,Global Steel,ADINATH STEEL CENTRE,2,0015g00001XIuGuAAL
Central,Madhya Pradesh,Global Steel,AGRAWAL IRON STORES,2,001J1000009Eu1eIAC
Central,Madhya Pradesh,Global Steel,AGRAWAL TRADING COMPANY,3,0015g00001VBFHkAAP
Central,Madhya Pradesh,Global Steel,ANAND STEEL,2,001fw00000IwnR1AAJ
Central,Madhya Pradesh,Global Steel,ANANT ASSOCIATES,1,001fw00000L0UzlAAF
Central,Madhya Pradesh,Global Steel,ATC9 STEELS LIMITED,11,001J1000009H3hzIAC
Central,Madhya Pradesh,Global Steel,Aashirwad Traders,2,0015g00001YPwx3AAD
Central,Madhya Pradesh,Global Steel,Ajay Traders and Suppliers,1,001J1000009HB3tIAG
Central,Madhya Pradesh,Global Steel,GAYATRI TRADERS,3,001J100000TrlKjIAJ
Central,Madhya Pradesh,Global Steel,HOMELY HEAVEN,2,001J100000S0WPJIA3
Central,Madhya Pradesh,Global Steel,LAHORII NARMADA TRADERS,2,001J1000006VGrOIAW
Central,Madhya Pradesh,Global Steel,LAXMI ISPAT COMPANY,2,0015g00001XK3RqAAL
Central,Madhya Pradesh,Global Steel,M/S ADINATH STEELS,2,0015g00001YRDiqAAH
Central,Madhya Pradesh,Global Steel,M/S AGRAWAL IRON,1,0015g00001X5iwJAAR
Central,Madhya Pradesh,Global Steel,M/S M. N. IRON TRADERS,1,001J1000007ofTYIAY
Central,Madhya Pradesh,Global Steel,M/S SATYA STEELS,1,0015g00001ZSn1mAAD
Central,Madhya Pradesh,Global Steel,MALVIYA TRADERS,10,0015g00001dFkSPAA0
Central,Madhya Pradesh,Global Steel,Oswal Steel,1,0015g00001ZSrnmAAD
Central,Madhya Pradesh,Global Steel,Parasram Steel,0,0015g00001ca0sqAAA
Central,Madhya Pradesh,Global Steel,RAI TRADERS,2,001J100000TrNgzIAF
Central,Madhya Pradesh,Global Steel,S.K.TRADERS,3,001J100000TrV0HIAV
Central,Madhya Pradesh,Global Steel,SANJAY STEEL TRADERS,2,0015g000015zvW3AAI
Central,Madhya Pradesh,Global Steel,SATNAM CEMENT TRADERS,2,001J100000TscYKIAZ
Central,Madhya Pradesh,Global Steel,SATYA STEEL,3,001J1000007oV3FIAU
Central,Madhya Pradesh,Global Steel,SHEROCK VENTURES PRIVATE LIMITED,5,001J100000RypIrIAJ
Central,Madhya Pradesh,Global Steel,SSD ENTERPRISES,2,0015g00001XKOBAAA5
Central,Madhya Pradesh,Global Steel,VIRAT TRADERS,12,0015g00001Y5xReAAJ
Central,Madhya Pradesh,Global Steel,Vikas trading company,2,001J1000007oCleIAE
Central,Madhya Pradesh,Global Steel,Vinod Traders,3,0015g00001UBHngAAH
Central,Madhya Pradesh,R. K. ENTERPRISES,BOLD STEEL SUPPLIERS,2,001fw000007ARJ6AAO
Central,Madhya Pradesh,R. K. ENTERPRISES,CHOUDHARY ENTERPRISES,1,0015g00001X2QuBAAV
Central,Madhya Pradesh,R. K. ENTERPRISES,Foziya enterprises & Traders,5,0015g00001X5nJ5AAJ
Central,Madhya Pradesh,R. K. ENTERPRISES,G S Steel,6,0015g00001bcyjRAAQ
Central,Madhya Pradesh,R. K. ENTERPRISES,Jha Steel,2,0015g00001XKNkjAAH
Central,Madhya Pradesh,R. K. ENTERPRISES,Kalyan Iron And Steel Private Limited Palda,7,001J1000006V8kAIAS
Central,Madhya Pradesh,R. K. ENTERPRISES,M/S BAHUBALI TRADING COMPANY,3,001J100000RyrcBIAR
Central,Madhya Pradesh,R. K. ENTERPRISES,M/S SURAJMAL SHYAMSUNDER CHOKHARA,5,001fw00000DQ5r0AAD
Central,Madhya Pradesh,R. K. ENTERPRISES,Malwa Traders,6,0015g00001XIcSnAAL
Central,Madhya Pradesh,R. K. ENTERPRISES,NAAZ STEEL,2,001J100000Drb1hIAB
Central,Madhya Pradesh,R. K. ENTERPRISES,NEW JAIN STEEL,2,0015g00001XM8sxAAD
Central,Madhya Pradesh,R. K. ENTERPRISES,NITA STEEL SUPPLIERS,40,0015g00001LVcLpAAL
Central,Madhya Pradesh,R. K. ENTERPRISES,NOMAN STEEL,2,001J100000TsQgDIAV
Central,Madhya Pradesh,R. K. ENTERPRISES,RADHIKA ASSOCIATES,1,001fw00000SBAryAAH
Central,Madhya Pradesh,R. K. ENTERPRISES,RAMA ENTERPRISES,1,001J100000TrNWGIA3
Central,Madhya Pradesh,R. K. ENTERPRISES,RAMESH STEEL AND SONS,3,0015g00001XKSO0AAP
Central,Madhya Pradesh,R. K. ENTERPRISES,ROHIT ENTERPRISES,10,001J100000RyyN1IAJ
Central,Madhya Pradesh,R. K. ENTERPRISES,Ratnaraj Traders Gandhinagar Indore,2,001J100000JsPbfIAF
Central,Madhya Pradesh,R. K. ENTERPRISES,SHARVI ENTERPRISES,5,001fw000004hGwxAAE
Central,Madhya Pradesh,R. K. ENTERPRISES,SHREE AADINATH TRADERS,3,001fw00000R4Y6rAAF
Central,Madhya Pradesh,R. K. ENTERPRISES,SHREE ENTERPRISES,14,001J1000003nUATIA2
Central,Madhya Pradesh,R. K. ENTERPRISES,SHREE NAKODA STEELS,10,001J1000002mer3IAA
Central,Madhya Pradesh,R. K. ENTERPRISES,SHREE SHANTINATH STEEL,67,001J100000Jrpe7IAB
Central,Madhya Pradesh,R. K. ENTERPRISES,SHRI RANJEET STEELS,1,001fw00000LSGDtAAP
Central,Madhya Pradesh,R. K. ENTERPRISES,SHRUTI VIPARAN CO,13,001fw00000ICQytAAH
Central,Madhya Pradesh,R. K. ENTERPRISES,V.K. SALES CORPORATION,15,001J100000Vm7W7IAJ
Central,Madhya Pradesh,R. K. ENTERPRISES,VIJAY HARDWARE STORES,3,001fw00000MVFRAAA5
Central,Madhya Pradesh,R. K. ENTERPRISES,Vijay Mohan Steel Industries PVT. LTD.,3,001J1000005ZUB5IAO
Central,Maharashtra,SSTL (INDIA) PRIVATE LIMITED,"SHIVANI ENTERPRISE, GUGHUSH ROAD CHANDRAPUR",10,001J1000003jw0sIAA
Central,Odisha,Niyati Udyog Private Limited,BHOL TRADERS,12,001J1000007oX5TIAU
Central,Odisha,Niyati Udyog Private Limited,DEBA LAXMI CEMENT STORE,4,001J1000007oecjIAA
Central,Odisha,Niyati Udyog Private Limited,Das Construction,3,001J10000051mcOIAQ
Central,Odisha,Niyati Udyog Private Limited,J D ENTERPRISES,66,001J1000009EpwsIAC
Central,Odisha,Niyati Udyog Private Limited,LAXMI NRUSINGHA TRADERS,4,001J100000ME8PFIA1
Central,Odisha,Niyati Udyog Private Limited,M/S BAJARANG STEEL AND CEMENT,12,001J1000006Uz5mIAC
Central,Odisha,Niyati Udyog Private Limited,M/S G G S SUPPLIERS,4,001J100000BadfSIAR
Central,Odisha,Niyati Udyog Private Limited,M/S HIMANSU STEEL,8,001J1000006Up8wIAC
Central,Odisha,Niyati Udyog Private Limited,M/S KALINGA CONSTRUCTION SERVICES,4,001fw000007AgV3AAK
Central,Odisha,Niyati Udyog Private Limited,M/S KONARK BUILD MART,4,001J1000007np36IAA
Central,Odisha,Niyati Udyog Private Limited,M/S. JAYA DURGA STORE,4,001J100000NbwVLIAZ
Central,Odisha,Niyati Udyog Private Limited,M/S. SAHADA SUNDARI SUPPLIERS,6,001J100000TtsGRIAZ
Central,Odisha,Niyati Udyog Private Limited,MAA MANGALA CEMENT STORE,4,001J1000007oTbrIAE
Central,Odisha,Niyati Udyog Private Limited,MAA SARALA AGENCY,4,001J1000009F2IEIA0
Central,Odisha,Niyati Udyog Private Limited,MAHABIR AND CO,12,001fw00000E4HgYAAV
Central,Odisha,Niyati Udyog Private Limited,MARUTI COMMERCIALS,7,001J1000002mDzoIAE
Central,Odisha,Niyati Udyog Private Limited,N. K. STEELS,4,001J100000CMnFlIAL
Central,Odisha,Niyati Udyog Private Limited,OMM SHREE STEELS,3,001J1000009HEuZIAW
Central,Odisha,Niyati Udyog Private Limited,Orissa Steel Syndicate,12,0015g00001f6g74AAA
Central,Odisha,Niyati Udyog Private Limited,PADMA DISTRIBUTORS,4,001J100000S0M0kIAF
Central,Odisha,Niyati Udyog Private Limited,SRI JAGANNATH STEELEX,3,001J1000009FEDxIAO
Central,Odisha,Niyati Udyog Private Limited,SRIKHETRA ENTERPRISERS,3,001fw000002aUV3AAM
Central,Odisha,Niyati Udyog Private Limited,STAR AGENCY,3,001J1000002jlt1IAA
Central,Odisha,Niyati Udyog Private Limited,Shree Mahavir Traders,3,001J1000007pWNVIA2
Central,Odisha,SACHDEVA ISPAT PRIVATE LIMITED,Avinash Steel,3,0015g00001c3lsUAAQ
Central,Odisha,SACHDEVA ISPAT PRIVATE LIMITED,BIJAYALAKSHMI TRADERS,25,001J1000003mUW7IAM
Central,Odisha,SACHDEVA ISPAT PRIVATE LIMITED,BISWA STEELS,2,001J100000EpGruIAF
Central,Odisha,SACHDEVA ISPAT PRIVATE LIMITED,C.L. Steel Syndicate,6,0015g00001XKBBUAA5
Central,Odisha,SACHDEVA ISPAT PRIVATE LIMITED,GSF PIPES,3,0015g00001ZV328AAD
Central,Odisha,SACHDEVA ISPAT PRIVATE LIMITED,HOME WORLD,1,001J100000EpGnRIAV
Central,Odisha,SACHDEVA ISPAT PRIVATE LIMITED,Home World,2,0015g00001fvdP8AAI
Central,Odisha,SACHDEVA ISPAT PRIVATE LIMITED,JAI JAGANNATH STEELS,2,001J100000EpBhdIAF
Central,Odisha,SACHDEVA ISPAT PRIVATE LIMITED,M/S BANSAL STEEL & MARBLE,24,001J1000007ocJgIAI
Central,Odisha,SACHDEVA ISPAT PRIVATE LIMITED,M/S CHOUDHARY STEEL,4,001J100000EpC5ZIAV
Central,Odisha,SACHDEVA ISPAT PRIVATE LIMITED,M/S. MAHA BINAYAK TRADERS,87,001J100000RyyqrIAB
Central,Odisha,SACHDEVA ISPAT PRIVATE LIMITED,"M/s, OMMSHA TILES",3,0015g00001UBHkAAAX
Central,Odisha,SACHDEVA ISPAT PRIVATE LIMITED,"MAHAPATRA HARDWARE,FABRICATION AND SPARES",2,001J100000TuCy9IAF
Central,Odisha,SACHDEVA ISPAT PRIVATE LIMITED,Maa Bhagwati Traders,50,0015g00001YOGwKAAX
Central,Odisha,SACHDEVA ISPAT PRIVATE LIMITED,ORISSA HARDWARE STORE,15,001J100000MDyeqIAD
Central,Odisha,SACHDEVA ISPAT PRIVATE LIMITED,ROURKELA STEEL CORPORATION,2,001J100000DorKGIAZ
Central,Odisha,SACHDEVA ISPAT PRIVATE LIMITED,SHREE PRAKASH DISTRIBUTORS,11,001fw00000R4ojSAAR
Central,Odisha,SACHDEVA ISPAT PRIVATE LIMITED,SHREE RAM AGENCY,3,0015g00001YOHRQAA5
Central,Odisha,SACHDEVA ISPAT PRIVATE LIMITED,SHREE SAI TRADERS,3,001J100000VmuFbIAJ
Central,Odisha,SACHDEVA ISPAT PRIVATE LIMITED,SRI BALAJI STEELS,3,0015g00001cdjD8AAI
North,Delhi,MAHENDRA STEELS,BRIGHT INFRA SOLUTIONS,6,001J100000Dp2AAIAZ
North,Delhi,MAHENDRA STEELS,BRIJ LAL STEELCON CO,61,001J1000007oMDhIAM
North,Delhi,MAHENDRA STEELS,Bharat timber & iron store rawta mor,4,0015g00001f9BzfAAE
North,Delhi,MAHENDRA STEELS,CAPITAL STEEL,2,0015g00001VBlFwAAL
North,Delhi,MAHENDRA STEELS,DADA HARIDASS CONSTRUCTION COMPANY,5,001J100000VngwnIAB
North,Delhi,MAHENDRA STEELS,DIMPLE SALES PRIVATE LIMITED,15,001J100000Trk4PIAR
North,Delhi,MAHENDRA STEELS,EKTA STEEL,3,0015g00001YQFpdAAH
North,Delhi,MAHENDRA STEELS,Ganesh Trading co palm,3,0015g00001cbYcbAAE
North,Delhi,MAHENDRA STEELS,HARIOM STEEL INFRA PRIVATE LIMITED,2,001J100000VnU7tIAF
North,Delhi,MAHENDRA STEELS,HINDUSTAN STEEL,2,001fw00000A5Xp2AAF
North,Delhi,MAHENDRA STEELS,JAGDAMBA STEEL AND CEMENT STORE,3,001J1000006KaS5IAK
North,Delhi,MAHENDRA STEELS,JAIN AND SONS,2,001fw000006S1grAAC
North,Delhi,MAHENDRA STEELS,K J STEEL,4,0015g00001bcCjOAAU
North,Delhi,MAHENDRA STEELS,KHANDELWAL  STEELS,76,001J100000Vn6xxIAB
North,Delhi,MAHENDRA STEELS,KS TRADERS,3,001J100000VmcOmIAJ
North,Delhi,MAHENDRA STEELS,LAKSHMI SALES CORPORATION,6,0015g00001X33NEAAZ
North,Delhi,MAHENDRA STEELS,MAHER CHAND & GRAND SONS,3,0015g00001YOKoAAAX
North,Delhi,MAHENDRA STEELS,MUKESH STEELS,5,001fw00000JcbGeAAJ
North,Delhi,MAHENDRA STEELS,Nishant Traders,3,0015g00001dHuCpAAK
North,Delhi,MAHENDRA STEELS,P. MADHAV STEEL TRADERS,3,001J100000JrAesIAF
North,Delhi,MAHENDRA STEELS,RAJDHANI SALES CORPORATION,8,0015g00001VAiB8AAL
North,Delhi,MAHENDRA STEELS,RAJINDRA STEELS,6,0015g00001V9yuBAAR
North,Delhi,MAHENDRA STEELS,RAJU STEEL CO,12,001J100000F4OgOIAV
North,Delhi,MAHENDRA STEELS,RAM DHAN ASHOK KUMAR,54,001J1000005aTwPIAU
North,Delhi,MAHENDRA STEELS,RANJEET TIMBER & STEELS,3,0015g00001X5dczAAB
North,Delhi,MAHENDRA STEELS,Ramji Das Manohar Lal,2,0015g00001dIUwsAAG
North,Delhi,MAHENDRA STEELS,SANJAY CEMENT TRADERS,3,001J100000Vnk3hIAB
North,Delhi,MAHENDRA STEELS,SHARMA STEEL CORPORATION,12,0015g00001VAiB7AAL
North,Delhi,MAHENDRA STEELS,SHIVAM STEEL,2,001fw00000Bq0dXAAR
North,Delhi,MAHENDRA STEELS,SHREE GANPATI STEEL,3,0015g00001YQPV4AAP
North,Delhi,MAHENDRA STEELS,SHREE RAJ SHYAMAJI ENTERPRISES,82,0015g00001ZV7hHAAT
North,Delhi,MAHENDRA STEELS,SHREE SHYAM BALAJI STEEL,24,001fw00000BFLXGAA5
North,Delhi,MAHENDRA STEELS,SHREE SHYAM STEEL,4,0015g00001dIBhxAAG
North,Delhi,MAHENDRA STEELS,SHYAM STEEL TRADERS,14,0015g00001Y46taAAB
North,Delhi,MAHENDRA STEELS,SIDDHI VINAYAK STEEL,5,0015g00001XKTtsAAH
North,Haryana,JAI DURGA STEELS,A D STEEL & CONSTRUCTION CO.,12,001fw00000SKUBVAA5
North,Haryana,JAI DURGA STEELS,BABA SHEOT NATH CEMENT STORE,12,0015g00001gv7wFAAQ
North,Haryana,JAI DURGA STEELS,CH STEELS,20,001J100000BPKGwIAP
North,Haryana,JAI DURGA STEELS,CITY BUILDER,105,001J1000007opyJIAQ
North,Haryana,JAI DURGA STEELS,M/S NEETA ENTERPRISE,17,001J100000S1fPBIAZ
North,Haryana,JAI DURGA STEELS,MAHA LAXMI TRADERS,12,001fw000007ogjCAAQ
North,Haryana,JAI DURGA STEELS,PRATEEK TRADERS,16,001J100000JsZI8IAN
North,Haryana,JAI DURGA STEELS,SANDEEP IRON STORE,12,001fw00000Kjw2nAAB
North,Haryana,JAI DURGA STEELS,SHREE BALAJI IRON STORE,99,0015g00001cajQSAAY
North,Haryana,JAI DURGA STEELS,SHRI SHYAM ENTERPRISES,12,001fw00000A56tkAAB
North,Haryana,NIKUNJ UDYOG,AAKASH STEEL (INDIA),3,0015g00001UBHaPAAX
North,Haryana,NIKUNJ UDYOG,AHUJA ENTERPRISES,9,0015g00001V9MHCAA3
North,Haryana,NIKUNJ UDYOG,AKSHAY UDYOG,30,0015g00001UBHaMAAX
North,Haryana,NIKUNJ UDYOG,Aggarwal Building Material store (hodal),1,0015g00001baMuhAAE
North,Haryana,NIKUNJ UDYOG,BANSAL IRON STORE,11,001J1000003n6D1IAI
North,Haryana,NIKUNJ UDYOG,DELHI  STEEL  &  CEMENT,10,0015g00001UBHaFAAX
North,Haryana,NIKUNJ UDYOG,DELHI IRON STORES GGN,41,001fw00000MEeFHAA1
North,Haryana,NIKUNJ UDYOG,DELHI STEEL,40,001J1000003ll8FIAQ
North,Haryana,NIKUNJ UDYOG,GURU TRADERS,14,001J100000Dp4r5IAB
North,Haryana,NIKUNJ UDYOG,HARI DAYA TRADERS,23,0015g00001UBHafAAH
North,Haryana,NIKUNJ UDYOG,JAI BABA MOHAN RAM INFRATECH,3,0015g00001V9MdFAAV
North,Haryana,NIKUNJ UDYOG,KHANDELWAL STEELS,73,001J100000VlZTtIAN
North,Haryana,NIKUNJ UDYOG,KRISHNA STEELS,3,0015g00001VCA6uAAH
North,Haryana,NIKUNJ UDYOG,KUNAL STEEL & BUILDERS,8,001fw00000J8pnCAAR
North,Haryana,NIKUNJ UDYOG,M/S JYOTI STEEL AND CEMENT,30,001fw00000OebXlAAJ
North,Haryana,NIKUNJ UDYOG,MANGLA STEEL,2,0015g00001V9KbtAAF
North,Haryana,NIKUNJ UDYOG,MOHAN STEEL AND CEMENT,19,001fw00000GMPEiAAP
North,Haryana,NIKUNJ UDYOG,MOHIT TRADERS,10,001J100000O6HFoIAN
North,Haryana,NIKUNJ UDYOG,NANDANI STEEL,12,001J100000VlD3kIAF
North,Haryana,NIKUNJ UDYOG,NIKHIL ENTERPRISES,3,001fw00000BuWQMAA3
North,Haryana,NIKUNJ UDYOG,OM BUILDERS,5,0015g00001X2hP1AAJ
North,Haryana,NIKUNJ UDYOG,PAB INFRA SERVICES,2,001fw00000AGZvPAAX
North,Haryana,NIKUNJ UDYOG,PANNA LAL STEEL TRADERS,15,0015g00001UBHjQAAX
North,Haryana,NIKUNJ UDYOG,PRASHANT TRADING COMPANY,15,0015g00001bZ90AAAS
North,Haryana,NIKUNJ UDYOG,PREETI TRADELINK PRIVATE LIMITED,103,001J1000002mNAxIAM
North,Haryana,NIKUNJ UDYOG,PROMPT,20,0015g00001UBHaTAAX
North,Haryana,NIKUNJ UDYOG,SB TRADERS,8,001fw00000G3E6uAAF
North,Haryana,NIKUNJ UDYOG,SHARMA STEELS AND PIPES,12,0015g00001UBHaiAAH
North,Haryana,NIKUNJ UDYOG,SHIV TRADING COMPANY,4,0015g00001X2gvoAAB
North,Haryana,NIKUNJ UDYOG,SHIVAAY BUILDING SOLUTION,5,0015g00001UBHacAAH
North,Haryana,NIKUNJ UDYOG,STEEL BAZAAR,146,0015g00001UBHaVAAX
North,Haryana,NIKUNJ UDYOG,Sangam Buildway India(P)Ltd,10,0015g00001UBJUyAAP
North,Haryana,NIKUNJ UDYOG,VIJAY TRADERS,3,001J100000JrCKBIA3
North,Haryana,NIKUNJ UDYOG,VIVEK TRADERS,11,001fw00000QjloiAAB
North,Haryana,NIKUNJ UDYOG,YADAV TRADERS,30,0015g00001V9MzlAAF
North,Haryana,NIKUNJ UDYOG,Yadav Iron Store,12,0015g00001UBHjbAAH
North,Haryana,PAL CEMENT AND STEEL PVT. LTD.,BANARSI DASS JAI BHAGWAN,12,0015g00001RKokNAAT
North,Haryana,PAL CEMENT AND STEEL PVT. LTD.,CHOUDHARY CEMENT STORE,17,001J100000RyGCMIA3
North,Haryana,PAL CEMENT AND STEEL PVT. LTD.,GANPATI STEELS,44,001J100000RU7ygIAD
North,Haryana,PAL CEMENT AND STEEL PVT. LTD.,HARYANA CEMENT STORE,12,001J100000RT13DIAT
North,Haryana,PAL CEMENT AND STEEL PVT. LTD.,KHATU SHYAM ENTERPRISES,23,001J100000VnnYIIAZ
North,Haryana,PAL CEMENT AND STEEL PVT. LTD.,OM PARKASH LAJPAT RAI (OMI LOHIA),13,0015g00001YQ2PaAAL
North,Haryana,PAL CEMENT AND STEEL PVT. LTD.,PARBHU DAYAL AND SONS,13,001J100000F4iolIAB
North,Haryana,PAL CEMENT AND STEEL PVT. LTD.,PUSHPA CONSTRUCTION COMPANY,55,001J100000F4iiqIAB
North,Haryana,PAL CEMENT AND STEEL PVT. LTD.,SHREE SHYAM ENTERPRISES,34,001fw00000PCDCoAAP
North,Haryana,PAL CEMENT AND STEEL PVT. LTD.,SHREE SHYAM TRADING CO.,17,001J1000005ZscxIAC
North,Haryana,PAL CEMENT AND STEEL PVT. LTD.,SHUBHAM TRADING CO,51,001J100000JM6xzIAD
North,Haryana,PAL CEMENT AND STEEL PVT. LTD.,Shree Shyam steel,12,0015g00001cacz9AAA
North,Haryana,Ramdoot Udhyog Private limited,ANSH TRADING COMPANY,12,001J100000VmCNLIA3
North,Haryana,Ramdoot Udhyog Private limited,BANSAL BUILDING MATERIALS,12,0015g00001Y4GtzAAF
North,Haryana,Ramdoot Udhyog Private limited,BHAGWATI CEMENT STORE,12,0015g00001fUOLdAAO
North,Haryana,Ramdoot Udhyog Private limited,GANPAT RAI & SONS,46,001fw00000KgNrFAAV
North,Haryana,Ramdoot Udhyog Private limited,JAIN STEELS,38,0015g00001eBlXpAAK
North,Haryana,Ramdoot Udhyog Private limited,M/S HARI RAM STEELS,12,001fw000007eiPqAAI
North,Haryana,Ramdoot Udhyog Private limited,M/S SAKSHAM CORPORATE GROUP,111,001fw00000HVzrsAAD
North,Haryana,Ramdoot Udhyog Private limited,SHARMA CEMENT STORE,7,001fw00000RlzlGAAR
North,Haryana,Ramdoot Udhyog Private limited,SHIVA TRADING,12,0015g00001VCBRvAAP
North,Haryana,Ramdoot Udhyog Private limited,SHREE SHYAM JEE BUILDING MATERIAL STORE,24,0015g00001f8D8AAAU
North,Haryana,Ramdoot Udhyog Private limited,SURESH MITTAL & SONS,13,0015g00001W4YfTAAV
North,Jammu And Kashmir,AGGARWAL TRADERS,ARAYAMA ISPAT,5,001J1000002kSOuIAM
North,Jammu And Kashmir,AGGARWAL TRADERS,GUPTA TRADERS,19,001J100000BdYWHIA3
North,Jammu And Kashmir,AGGARWAL TRADERS,JAMBOO TRADERS,0,001J1000002kxmIIAQ
North,Jammu And Kashmir,AGGARWAL TRADERS,M/S ENCORE CONSTRUCTION & HARDWARE,6,001J100000PhvuXIAR
North,Jammu And Kashmir,AGGARWAL TRADERS,M/S ROYAL TRADERS,2,001J100000S0hPdIAJ
North,Jammu And Kashmir,AGGARWAL TRADERS,RINKU KUMAR AND BROS,5,0015g00001dJkGRAA0
North,Jammu And Kashmir,AGGARWAL TRADERS,SAPCO INDIA,28,001J1000003lr3eIAA
North,Jammu And Kashmir,AGGARWAL TRADERS,SHAM LAL MAGOTRA PATOLI MAGOTRIAN,3,001fw0000057hi6AAA
North,Jammu And Kashmir,AGGARWAL TRADERS,SHARMA CEMENT STORE,18,0015g00001dIDhzAAG
North,Jammu And Kashmir,AGGARWAL TRADERS,SOE CONSTRUCTION COMPANY,21,001J1000003nJbWIAU
North,Jammu And Kashmir,ASHWANI KUMAR ASHOK KUMAR PRIVATE LIMITED,ISHFAQ TRADERS,2,001fw00000SfduwAAB
North,Madhya Pradesh,SHALIKA ENTERPRISES PRIVATE LIMITED,AGRAWAL IRON STORE,12,001fw00000CF0YlAAL
North,Madhya Pradesh,SHALIKA ENTERPRISES PRIVATE LIMITED,ANJALI TRADING COMPANY,66,001fw00000FEAGdAAP
North,Madhya Pradesh,SHALIKA ENTERPRISES PRIVATE LIMITED,AS Enterprises,30,0015g00001Y58dXAAR
North,Madhya Pradesh,SHALIKA ENTERPRISES PRIVATE LIMITED,DARSHIL ENTERPRISES,27,001fw00000BRAY7AAP
North,Madhya Pradesh,SHALIKA ENTERPRISES PRIVATE LIMITED,M/S B. M. ENTER PRISES,167,001fw000007uD9pAAE
North,Madhya Pradesh,SHALIKA ENTERPRISES PRIVATE LIMITED,ONX ASSOCIATES,76,001fw00000KS1yaAAD
North,Madhya Pradesh,SHALIKA ENTERPRISES PRIVATE LIMITED,SRIRAM IRON,12,001fw00000R4ViTAAV
North,Madhya Pradesh,SHALIKA ENTERPRISES PRIVATE LIMITED,VINAY STEELS,12,001fw000008L4ldAAC
North,Madhya Pradesh,SHALIKA ENTERPRISES PRIVATE LIMITED,VINAYAK AASHRYA PRIVATE LIMITED,41,001fw00000PHnKUAA1
North,Punjab,MAHAVIR STEEL CORPORATION,Bilga Steel,1,0015g00001dWdPnAAK
North,Punjab,MAHAVIR STEEL CORPORATION,Parkash Steels,29,001J100000LnCV6IAN
North,Punjab,MAHAVIR STEEL CORPORATION,VARDHMAN IRON STORE,2,001fw00000EOfRmAAL
North,Punjab,PAL CEMENT AND STEEL PVT. LTD.,BABA TRADERS,5,001J1000006VRZuIAO
North,Punjab,PAL CEMENT AND STEEL PVT. LTD.,BITLA STEEL SALES CORPORATION,12,001J1000003mSUZIA2
North,Punjab,PAL CEMENT AND STEEL PVT. LTD.,PAL CEMENT AND STEEL PVT. LTD,42,0015g00001e8kaNAAQ
North,Punjab,PAL CEMENT AND STEEL PVT. LTD.,SHREE BALAJI TRADING CO,33,001J1000003nJVpIAM
North,Punjab,Ramdoot Udhyog Private limited,AGGARWAL TRADERS,16,0015g00001cbFaYAAU
North,Punjab,Ramdoot Udhyog Private limited,HAKAM SINGH & CO.,15,001fw00000KHNPjAAP
North,Punjab,Ramdoot Udhyog Private limited,SHIVA BUILDING MATERIAL,23,001fw00000F3V6hAAF
North,Rajasthan,J P Alloys,DIPESH STEEL AND BUILDING MATERIAL,20,0015g00001dYcDHAA0
North,Rajasthan,J P Alloys,GANESHAAY METALS,30,001fw00000442SSAAY
North,Rajasthan,J P Alloys,Gangwal iron  industries,21,0015g00001ZSqUOAA1
North,Rajasthan,J P Alloys,HINDUSTAN STEEL CORPORATION,9,0015g00001XcEB4AAN
North,Rajasthan,J P Alloys,J P STEEL CO,30,001J1000005ZqvLIAS
North,Rajasthan,J P Alloys,JINDAL STEEL & INFRA LINES,29,001J100000JrSC0IAN
North,Rajasthan,J P Alloys,JP STEEL TUBES & PIPES PRIVATE LIMITED,76,001J100000JrJwqIAF
North,Rajasthan,J P Alloys,KARWASRA BUILDTECH,21,001J100000VnWOXIA3
North,Rajasthan,J P Alloys,M & D CONSTRUCTION COMPANY,29,001fw00000S9JHtAAN
North,Rajasthan,J P Alloys,MAYANK TRADERS,33,001J1000002iuY9IAI
North,Rajasthan,J P Alloys,P R ENTERPRISES,31,001J1000002iegwIAA
North,Rajasthan,J P Alloys,PARASRAJ INDUSTRIES,50,001J1000002ivMTIAY
North,Rajasthan,J P Alloys,RAJ STEEL,78,001J1000009HD3lIAG
North,Rajasthan,J P Alloys,RAJASTHAN COMMERCIAL CORPORATION,30,0015g00001c4PuPAAU
North,Rajasthan,J P Alloys,RATHI ISPAT,36,001fw00000KN6lyAAD
North,Rajasthan,J P Alloys,RISHABH SALES CORPORATION,7,001fw00000FFF7qAAH
North,Rajasthan,J P Alloys,SHREE BOHRA ENTERPRISES,9,001J1000002ikgFIAQ
North,Rajasthan,J P Alloys,SHRI SHYAM TRADERS,21,001fw00000Poj8RAAR
North,Rajasthan,J P Alloys,SHUBHAM ENTERPRISES,20,001J100000DTI3gIAH
North,Rajasthan,M R ASSOCIATES,AARTI STEEL,56,0015g00001f8XA2AAM
North,Rajasthan,M R ASSOCIATES,B M AGARWAL TRADING PRIVATE LIMITED,25,0015g00001c464aAAA
North,Rajasthan,M R ASSOCIATES,BALAJI STEEL,20,001fw00000OoZuSAAV
North,Rajasthan,M R ASSOCIATES,CHOUDHARY STEELS,12,0015g00001gvVvhAAE
North,Rajasthan,M R ASSOCIATES,GIRIRAJ STEELS,5,0015g00001fx5hlAAA
North,Rajasthan,M R ASSOCIATES,HINGLAJ IRON STORE,25,001J100000BadzzIAB
North,Rajasthan,M R ASSOCIATES,JAI ASHAPURA LOHA UDHYOG,2,0015g00001fuwB1AAI
North,Rajasthan,M R ASSOCIATES,JAI OM STEELS,25,001J1000002jaoZIAQ
North,Rajasthan,M R ASSOCIATES,JMB & CO.,25,001J1000002keZHIAY
North,Rajasthan,M R ASSOCIATES,JMB & CO.,25,001J100000TuLNmIAN
North,Rajasthan,M R ASSOCIATES,KABRA IRON AGENCIES,13,0015g00001f8tNYAAY
North,Rajasthan,M R ASSOCIATES,M/S LAXMI STEEL YARD,1,0015g00001f8vrGAAQ
North,Rajasthan,M R ASSOCIATES,PUKHRAJ RAM NARAYAN & CO.,20,001J1000002jQNfIAM
North,Rajasthan,M R ASSOCIATES,RAJASTHAN STEELS,11,0015g00001fx4jlAAA
North,Rajasthan,M R ASSOCIATES,RAJASTHAN STEELS,22,001J100000S0iyoIAB
North,Rajasthan,M R ASSOCIATES,ROOP STEEL TRADING COMPANY,29,0015g00001f8ua5AAA
North,Rajasthan,M R ASSOCIATES,ROYAL STEEL,25,001J100000RxssnIAB
North,Rajasthan,M R ASSOCIATES,SHAKTI STEELS,70,0015g00001f9BXpAAM
North,Rajasthan,SWASTIK TRADEVISION PRIVATE LIMITED,AASTHA TRADER,10,001fw00000IQJkcAAH
North,Rajasthan,SWASTIK TRADEVISION PRIVATE LIMITED,ANANT STEELS,4,001fw00000G3tYEAAZ
North,Rajasthan,SWASTIK TRADEVISION PRIVATE LIMITED,BHAGIRATH MOOLA RAM GHANCHI,8,001fw00000SPoSzAAL
North,Rajasthan,SWASTIK TRADEVISION PRIVATE LIMITED,GOYAL TRADERS,7,0015g00001UBHhrAAH
North,Rajasthan,SWASTIK TRADEVISION PRIVATE LIMITED,H.K. ALLOYS,22,0015g00001X3AskAAF
North,Rajasthan,SWASTIK TRADEVISION PRIVATE LIMITED,HARJAMNA STEELS,72,001fw00000IB5zhAAD
North,Rajasthan,SWASTIK TRADEVISION PRIVATE LIMITED,J.K. SALES,3,001fw00000SPKwLAAX
North,Rajasthan,SWASTIK TRADEVISION PRIVATE LIMITED,POOJA IRON STORE,161,0015g00001f8DijAAE
North,Rajasthan,SWASTIK TRADEVISION PRIVATE LIMITED,RAJ STEELS,40,0015g00001c4QhrAAE
North,Rajasthan,SWASTIK TRADEVISION PRIVATE LIMITED,SHREE MADHAV STEELS,20,0015g00001TAZTVAA5
North,Rajasthan,SWASTIK TRADEVISION PRIVATE LIMITED,SINGHAL IRON STORE,36,001fw00000RChbAAAT
North,Rajasthan,SWASTIK TRADEVISION PRIVATE LIMITED,TIRUPATI STEELS,1,001fw00000AKLfMAAX
North,Rajasthan,SWASTIK TRADEVISION PRIVATE LIMITED,Vijayshree Steel,3,0015g00001UBHivAAH
North,Uttar Pradesh,DINESH STEEL PRIVATE LIMITED,JAI DURGA IRON & STEEL COMPANY,18,0015g00001W4TWFAA3
North,Uttar Pradesh,DINESH STEEL PRIVATE LIMITED,M/S AAR DEE DISTRIBUTORS,16,0015g00001YOMCMAA5
North,Uttar Pradesh,DINESH STEEL PRIVATE LIMITED,M/S MEENA STEELS,32,0015g00001Y3x1EAAR
North,Uttar Pradesh,DINESH STEEL PRIVATE LIMITED,M/S SAI GOYAL TRADING COMPANY,15,0015g00001f8YwyAAE
North,Uttar Pradesh,DINESH STEEL PRIVATE LIMITED,M/S SINGHAL ENTERPRISES,15,001J100000Vm7LjIAJ
North,Uttar Pradesh,DINESH STEEL PRIVATE LIMITED,NEETIKA BUILDING SOLUTIONS,16,001fw00000NAiTyAAL
North,Uttar Pradesh,GOBINDGARH IRON LLP,GARG AND ASSOCIATES,50,0015g00001V9ffqAAB
North,Uttar Pradesh,GOBINDGARH IRON LLP,Govind Steels,29,0015g00001V9TjDAAV
North,Uttar Pradesh,GOBINDGARH IRON LLP,KASHAUDHAN TRADERS,3,001fw000003wRpTAAU
North,Uttar Pradesh,GOBINDGARH IRON LLP,M K ENTERPRISES,1,0015g00001V9TjtAAF
North,Uttar Pradesh,GOBINDGARH IRON LLP,M/S  MALL TRADERS,7,001fw00000E28e9AAB
North,Uttar Pradesh,GOBINDGARH IRON LLP,M/S JAISWAL STEEL CORPORATION,2,001J100000Vnm0iIAB
North,Uttar Pradesh,GOBINDGARH IRON LLP,M/S JAISWAL TRADERS,9,001J100000VnyubIAB
North,Uttar Pradesh,GOBINDGARH IRON LLP,M/S OM TRADING COMPANY,15,001fw000004aB4HAAU
North,Uttar Pradesh,GOBINDGARH IRON LLP,M/S SAMIKSHA AND SIDDHI ENTERPRISES,4,001J100000TsJTNIA3
North,Uttar Pradesh,GOBINDGARH IRON LLP,M/S SHIR AMBEY TRADERS,9,001J100000BdFHtIAN
North,Uttar Pradesh,GOBINDGARH IRON LLP,MAA DURGA TRADERS,6,001fw00000EO7RkAAL
North,Uttar Pradesh,GOBINDGARH IRON LLP,MAHAVEER TRADERS,7,001fw000001q0xpAAA
North,Uttar Pradesh,GOBINDGARH IRON LLP,R.Y.TRADERS,6,001fw00000P59kHAAR
North,Uttar Pradesh,GOBINDGARH IRON LLP,RRY TRADERS,5,0015g00001X2bq9AAB
North,Uttar Pradesh,GOBINDGARH IRON LLP,RS BUILDING MATERIALS,7,001fw00000EOsdYAAT
North,Uttar Pradesh,GOBINDGARH IRON LLP,SHRI SHYAM STEEL COMPANY,2,001fw0000023v0cAAA
North,Uttar Pradesh,GOBINDGARH IRON LLP,SHUKLAJI TRADERS,5,001J100000S0cYnIAJ
North,Uttar Pradesh,Khandelwal Associates,Arvìnd steel and cement,3,0015g00001cdSIzAAM
North,Uttar Pradesh,Khandelwal Associates,GURU JI TRADERS,10,001J1000003nQvNIAU
North,Uttar Pradesh,Khandelwal Associates,KHANDELWAL METAL INDUSTRIES INDIA PVT. LTD.,100,001J100000Vo9dAIAR
North,Uttar Pradesh,Khandelwal Associates,M/S  GULZARI LAL KANTHI RAM AND SONS,8,001J1000007nQ7CIAU
North,Uttar Pradesh,Khandelwal Associates,M/S  K S ENTERPRISES,2,001J1000006UZwEIAW
North,Uttar Pradesh,Khandelwal Associates,M/S  KAVYA TRADERS,109,001fw00000L1b35AAB
North,Uttar Pradesh,Khandelwal Associates,M/S ANIL BUILDING STORE,12,0015g00001cbH7AAAU
North,Uttar Pradesh,Khandelwal Associates,M/S GAURI MAL RAGHUNANDAN PRASAD AND SONS,4,0015g00001cdSFvAAM
North,Uttar Pradesh,Khandelwal Associates,M/S INDIA TRADERS,6,001fw000007w1CiAAI
North,Uttar Pradesh,Khandelwal Associates,M/S KHANDELWAL BATH DECOR,10,0015g00001cdDsDAAU
North,Uttar Pradesh,Khandelwal Associates,M/S NAVEEN TRADERS,83,0015g00001XK1qJAAT
North,Uttar Pradesh,Khandelwal Associates,M/S NIRMAL LOHA UDHYOG,10,0015g00001XcFeLAAV
North,Uttar Pradesh,Khandelwal Associates,M/S SRI BANKEY BIHARI IRON TRADERS,10,001J1000003m6KsIAI
North,Uttar Pradesh,Khandelwal Associates,RAJEEV TRADERS,30,001fw00000FJfjbAAD
North,Uttar Pradesh,Khandelwal Associates,SATYA NARAIN HARI KRISHAN & CO.,12,001fw00000KBuWQAA1
North,Uttar Pradesh,Khandelwal Associates,SHAILSHREE METALS,15,0015g00001YOPTWAA5
North,Uttar Pradesh,Khandelwal Associates,SHREE GANESH BUILDING MATERIAL,2,001J1000005aNhEIAU
North,Uttar Pradesh,Khandelwal Associates,SK IRON STORE,2,001J1000007ohLtIAI
North,Uttar Pradesh,OPTRIX INFRA LLP,D R STEELS & ENTERPRISES,40,001fw00000Mlvz5AAB
North,Uttar Pradesh,OPTRIX INFRA LLP,FLATWORLD INFRAMART,84,001fw00000OB0a2AAD
North,Uttar Pradesh,OPTRIX INFRA LLP,GABA TRADING COMPANY,2,0015g00001efxcmAAA
North,Uttar Pradesh,OPTRIX INFRA LLP,KRISHNA INDUSTRIES,180,001fw000001QzQhAAK
North,Uttar Pradesh,OPTRIX INFRA LLP,M/S  JAI HANUMAN STEELS AND BUILDCON,85,001fw000006wnmWAAQ
North,Uttar Pradesh,OPTRIX INFRA LLP,M/S KHANDELWAL STEEL CENTRE,2,0015g00001NKKa6AAH
North,Uttar Pradesh,OPTRIX INFRA LLP,M/S KRISHNA STEELS,260,0015g00001TEQEcAAP
North,Uttar Pradesh,OPTRIX INFRA LLP,M/S KUMAR IRON STORE,15,0015g00001ejfxnAAA
North,Uttar Pradesh,OPTRIX INFRA LLP,M/S POOJA HARDWARE & STEEL CORPORATION,2,0015g00001ejyN0AAI
North,Uttar Pradesh,OPTRIX INFRA LLP,MISHRA BUILDING SOLUTIONS,58,001J100000TuCVlIAN
North,Uttar Pradesh,OPTRIX INFRA LLP,NARENDRA STEELS,162,0015g00001TDCVRAA5
North,Uttar Pradesh,OPTRIX INFRA LLP,PRATHAM STEELS,204,001J100000VlGMhIAN
North,Uttar Pradesh,OPTRIX INFRA LLP,PROFICIENT INDIA & CO.,2,001J100000VnUYOIA3
North,Uttar Pradesh,OPTRIX INFRA LLP,S K ISPAT,2,001J100000TrRgTIAV
North,Uttar Pradesh,OPTRIX INFRA LLP,S.S ENTERPRISES,14,0015g00001dHcNGAA0
North,Uttar Pradesh,OPTRIX INFRA LLP,SHREE BALAJI ENTERPRISES,2,001J100000DqPBgIAN
North,Uttar Pradesh,OPTRIX INFRA LLP,SHREE MAHAKAL STEELS,2,001J100000TrRbsIAF
North,Uttar Pradesh,OPTRIX INFRA LLP,SHRI GEETA ENTERPRISES,2,001fw00000LNorIAAT
North,Uttar Pradesh,OPTRIX INFRA LLP,SURYA STEELS,173,0015g00001FhMmfAAF
North,Uttar Pradesh,SHASHI STEELS LLP,KVA Trading Company,20,0015g00001UBHbSAAX
North,Uttar Pradesh,SHASHI STEELS LLP,M/S BANSAL STEEL SHOP,15,0015g00001V9SP8AAN
North,Uttar Pradesh,SHASHI STEELS LLP,M/S PURVANCHAL TRADERS,12,0015g00001V9SR4AAN
North,Uttar Pradesh,SHASHI STEELS LLP,M/S SHASHI TRADING COMPANY,492,0015g00001c44kkAAA
North,Uttar Pradesh,SHASHI STEELS LLP,M/S SHIV IRON STORE,30,0015g00001W31YrAAJ
North,Uttar Pradesh,SHASHI STEELS LLP,M/S TANEJA IRON SYNDICATE,30,0015g00001V9SNmAAN
North,Uttar Pradesh,SHASHI STEELS LLP,SOM STEELS PRIVATE LIMITED,13,001J1000002kROCIA2
North,Uttar Pradesh,SHASHI STEELS LLP,Shashi Steels Corporation,10,0015g00001UBHgoAAH
North,Uttar Pradesh,SHASHI STEELS LLP,TRIVENI STEELS,27,0015g00001X375AAAR
North,Uttar Pradesh,SHREE LAKSHMAN ROLLING MILL (INDIA) LLP,M/S  NISHA STEELS,1,0015g00001UBHkTAAX
North,Uttar Pradesh,SHREE LAKSHMAN ROLLING MILL (INDIA) LLP,M/S GAJANAN TRADERS,3,001fw000008MTIBAA4
North,Uttar Pradesh,SHREE LAKSHMAN ROLLING MILL (INDIA) LLP,M/S SAMARPAN STEELS & CO.,2,001J100000VnZq0IAF
North,Uttar Pradesh,SHREE LAKSHMAN ROLLING MILL (INDIA) LLP,M/S SHIVA STEELS,12,0015g00001dIETaAAO
North,Uttar Pradesh,SHREE LAKSHMAN ROLLING MILL (INDIA) LLP,M/S SHRI NIRMAL KUMAR JAIN & CO.,467,0015g00001UBHkRAAX
North,Uttar Pradesh,SHREE LAKSHMAN ROLLING MILL (INDIA) LLP,M/S SHYAMA STEELS,10,0015g00001XawIOAAZ
North,Uttar Pradesh,SHREE LAKSHMAN ROLLING MILL (INDIA) LLP,M/S TARA CHAND STEELS,25,0015g00001eAXqQAAW
North,Uttar Pradesh,SHREE LAKSHMAN ROLLING MILL (INDIA) LLP,M/S VIJAY BROTHERS,3,001J100000F4lrYIAR
North,Uttar Pradesh,SHREE LAKSHMAN ROLLING MILL (INDIA) LLP,RP TRADERS,4,0015g00001UBHkUAAX
North,Uttarakhand,SHIVA SALES INDIA CORPORATION,AGARWAL STEEL,8,0015g00001UBHmFAAX
North,Uttarakhand,SHIVA SALES INDIA CORPORATION,ANSHIKA TRADER,2,0015g00001fubBOAAY
North,Uttarakhand,SHIVA SALES INDIA CORPORATION,DOON AND COMPANY,33,0015g00001dXphrAAC
North,Uttarakhand,SHIVA SALES INDIA CORPORATION,M. S ENTERPRISES,63,001J100000Jrjd3IAB
North,Uttarakhand,SHIVA SALES INDIA CORPORATION,M/S AGARWAL STEEL,1,0015g00001dJptUAAS
North,Uttarakhand,SHIVA SALES INDIA CORPORATION,M/S AGARWAL STEEL AND CEMENT CENTER,16,001J100000JsXthIAF
North,Uttarakhand,SHIVA SALES INDIA CORPORATION,M/S ARYAN TRADERS,9,001J100000VnUHOIA3
North,Uttarakhand,SHIVA SALES INDIA CORPORATION,M/S B.K.G. TRADERS,6,0015g00001W4e1iAAB
North,Uttarakhand,SHIVA SALES INDIA CORPORATION,M/S BHAGWATI IRON STORE,15,0015g00001W2w7FAAR
North,Uttarakhand,SHIVA SALES INDIA CORPORATION,M/S GARG STEEL CENTER,12,001J1000009GVhuIAG
North,Uttarakhand,SHIVA SALES INDIA CORPORATION,M/S RUDRA CONSTRUCTIONS,8,0015g00001dJBSZAA4
North,Uttarakhand,SHIVA SALES INDIA CORPORATION,M/S SHRI DURGA TRADING COMPANY,42,001J100000TrMywIAF
North,Uttarakhand,SHIVA SALES INDIA CORPORATION,M/S TARUN TRADERS,24,0015g00001UBHltAAH
North,Uttarakhand,SHIVA SALES INDIA CORPORATION,MA SHEETLA TRADERS,9,0015g00001YNundAAD
North,Uttarakhand,SHIVA SALES INDIA CORPORATION,PURAN CHAND AND SONS,0,001fw000005araqAAA
North,Uttarakhand,SHIVA SALES INDIA CORPORATION,SHIVAAY ASSOCIATES,4,0015g00001UBHn2AAH
North,Uttarakhand,SHIVA SALES INDIA CORPORATION,SHUBHAM ENTERPRISES,2,0015g00001UBHlrAAH
North,Uttarakhand,SHIVA SALES INDIA CORPORATION,SIDDHI VINAYAK TRADERS,16,001fw00000NNBgiAAH
North,Uttarakhand,SHIVA SALES INDIA CORPORATION,VINAYAK TRADERS,6,001J100000VnBH9IAN
