Zone,State,Distributor,Dealer,Date,MT
East,Bihar,KHARAKIA METALS PRIVATE LIMITED,ANKITA TREDERS,2026-05-20,12.0
East,Bihar,KHARAKIA METALS PRIVATE LIMITED,BESIM INDUSTRIES PRIVATE LIMITED,2026-05-19,12.0
East,Bihar,KHARAKIA METALS PRIVATE LIMITED,FN ASSOCIATES,2026-05-06,12.0
East,Bihar,KHARAKIA METALS PRIVATE LIMITED,JAI MAA SUMITRA TRADERS,2026-05-06,12.0
East,Bihar,KHARAKIA METALS PRIVATE LIMITED,K.K.TRADERS,2026-05-19,12.0
East,Bihar,KHARAKIA METALS PRIVATE LIMITED,KHUSHI TRADERS,2026-05-03,5.98
East,Bihar,KHARAKIA METALS PRIVATE LIMITED,KHUSHI TRADERS,2026-05-03,1.01
East,Bihar,KHARAKIA METALS PRIVATE LIMITED,KHUSHI TRADERS,2026-05-03,2.97
East,Bihar,KHARAKIA METALS PRIVATE LIMITED,KHUSHI TRADERS,2026-05-03,2.04
East,Bihar,KHARAKIA METALS PRIVATE LIMITED,KHUSHI TRADERS,2026-05-03,4.02
East,Bihar,KHARAKIA METALS PRIVATE LIMITED,Lead - 7294999900,2026-05-24,3.03
East,Bihar,KHARAKIA METALS PRIVATE LIMITED,Lead - 7294999900,2026-05-24,3.04
East,Bihar,KHARAKIA METALS PRIVATE LIMITED,Lead - 7294999900,2026-05-24,8.96
East,Bihar,KHARAKIA METALS PRIVATE LIMITED,Lead - 7294999900,2026-05-24,6.94
East,Bihar,KHARAKIA METALS PRIVATE LIMITED,Lead - 7294999900,2026-05-24,5.13
East,Bihar,KHARAKIA METALS PRIVATE LIMITED,Lead - 7294999900,2026-05-24,2.98
East,Bihar,KHARAKIA METALS PRIVATE LIMITED,M. A. TRADERS,2026-05-20,12.0
East,Bihar,KHARAKIA METALS PRIVATE LIMITED,M. A. TRADERS,2026-05-31,5.02
East,Bihar,KHARAKIA METALS PRIVATE LIMITED,M. A. TRADERS,2026-05-31,6.02
East,Bihar,KHARAKIA METALS PRIVATE LIMITED,M. A. TRADERS,2026-05-31,3.06
East,Bihar,KHARAKIA METALS PRIVATE LIMITED,M. A. TRADERS,2026-06-01,2.97
East,Bihar,KHARAKIA METALS PRIVATE LIMITED,M. A. TRADERS,2026-06-01,4.95
East,Bihar,KHARAKIA METALS PRIVATE LIMITED,M. A. TRADERS,2026-06-01,2.98
East,Bihar,KHARAKIA METALS PRIVATE LIMITED,M/S JINDAL ASSOCIATES,2026-05-31,12.0
East,Bihar,KHARAKIA METALS PRIVATE LIMITED,M/S KHUSHABU ENTERPRISES,2026-05-06,12.0
East,Bihar,KHARAKIA METALS PRIVATE LIMITED,MAA VAISHNAVI TRADERS,2026-05-28,12.0
East,Bihar,KHARAKIA METALS PRIVATE LIMITED,NAV DURGA TRADING,2026-05-06,12.0
East,Bihar,KHARAKIA METALS PRIVATE LIMITED,RAGHAV TRADING,2026-05-01,3.01
East,Bihar,KHARAKIA METALS PRIVATE LIMITED,RAGHAV TRADING,2026-05-01,4.01
East,Bihar,KHARAKIA METALS PRIVATE LIMITED,RAGHAV TRADING,2026-05-01,5.01
East,Bihar,KHARAKIA METALS PRIVATE LIMITED,RAGHAV TRADING,2026-05-01,4.01
East,Bihar,KHARAKIA METALS PRIVATE LIMITED,RAGHAV TRADING,2026-05-01,5.06
East,Bihar,KHARAKIA METALS PRIVATE LIMITED,RAGHAV TRADING,2026-05-01,4.02
East,Bihar,KHARAKIA METALS PRIVATE LIMITED,SR ENTERPRISES,2026-05-20,12.0
East,Bihar,KHARAKIA METALS PRIVATE LIMITED,SRI TRADERS,2026-05-07,12.0
East,Bihar,KHARAKIA METALS PRIVATE LIMITED,USMAN KHAN AND SONS,2026-05-19,12.0
East,Bihar,SUBH NEXTGEN PRIVATE LIMITED,BIHAR TRADERS,2026-05-15,6.0
East,Bihar,SUBH NEXTGEN PRIVATE LIMITED,BIHAR TRADERS,2026-05-30,2.0
East,Bihar,SUBH NEXTGEN PRIVATE LIMITED,M/S REPURA HARDWARE,2026-05-08,6.0
East,Bihar,SUBH NEXTGEN PRIVATE LIMITED,M/S REPURA HARDWARE,2026-05-28,3.0
East,Bihar,SUBH NEXTGEN PRIVATE LIMITED,NIZAM TRADERS,2026-05-30,6.0
East,Bihar,SUBH NEXTGEN PRIVATE LIMITED,PANKJ TRADERS,2026-05-26,6.0
East,Bihar,SUBH NEXTGEN PRIVATE LIMITED,RAHUL BUILDING MATERIAL,2026-05-30,2.0
East,Bihar,SUBH NEXTGEN PRIVATE LIMITED,RAJ LAXMI TRADERS,2026-05-20,6.0
East,Bihar,SUBH NEXTGEN PRIVATE LIMITED,SRI JAGDAMBA STEEL,2026-05-14,6.0
East,Bihar,SUBH NEXTGEN PRIVATE LIMITED,VANSHIKA STEEL,2026-05-13,6.0
East,Bihar,SUBH NEXTGEN PRIVATE LIMITED,VANSHIKA STEEL,2026-05-21,12.41
East,Bihar,SUBH NEXTGEN PRIVATE LIMITED,VANSHIKA STEEL,2026-05-21,20.85
East,Jharkhand,REAL DREAMS ENTERPRISES LIMITED,M/S ANAND METALS,2026-05-09,8.735
East,Jharkhand,REAL DREAMS ENTERPRISES LIMITED,M/S ANAND METALS,2026-05-09,15.19
East,Jharkhand,REAL DREAMS ENTERPRISES LIMITED,M/S ANAND METALS,2026-05-09,12.085
East,Jharkhand,REAL DREAMS ENTERPRISES LIMITED,M/S JAISWAL CEMENT & HARDWARE,2026-05-20,12.0
East,Jharkhand,REAL DREAMS ENTERPRISES LIMITED,M/S JAISWAL CEMENT & HARDWARE,2026-05-20,12.0
East,Jharkhand,REAL DREAMS ENTERPRISES LIMITED,M/S M. S. STEEL,2026-05-20,12.0
East,Jharkhand,REAL DREAMS ENTERPRISES LIMITED,M/S SHIV SHAKTI STEEL & CEMENT,2026-05-10,6.04
East,Jharkhand,REAL DREAMS ENTERPRISES LIMITED,M/S SHIV SHAKTI STEEL & CEMENT,2026-05-10,14.02
East,Jharkhand,REAL DREAMS ENTERPRISES LIMITED,M/S SHIV SHAKTI STEEL & CEMENT,2026-05-10,10.02
East,Jharkhand,REAL DREAMS ENTERPRISES LIMITED,PANCONPOWER AND INFRA PRIVATE LIMITED,2026-05-14,2.0
East,Jharkhand,REAL DREAMS ENTERPRISES LIMITED,SHREE TRADERS,2026-05-09,10.0
East,Jharkhand,REAL DREAMS ENTERPRISES LIMITED,SHREE TRADERS,2026-05-20,2.0
East,Jharkhand,REAL DREAMS ENTERPRISES LIMITED,STEEL CRAFT TRADING,2026-05-20,24.0
East,Jharkhand,TIRUPATI SALES,M/S. NIRMAN SATHI,2026-05-09,5.0
East,West Bengal,CHANDRA TRADERS,H.R ENTERPRISE,2026-05-07,12.0
East,West Bengal,CHANDRA TRADERS,H.R ENTERPRISE,2026-05-31,2.02
East,West Bengal,CHANDRA TRADERS,H.R ENTERPRISE,2026-05-31,5.04
East,West Bengal,CHANDRA TRADERS,H.R ENTERPRISE,2026-05-31,2.01
East,West Bengal,CHANDRA TRADERS,H.R ENTERPRISE,2026-05-31,1.01
East,West Bengal,CHANDRA TRADERS,JANATA HARDWARE,2026-05-30,7.96
East,West Bengal,CHANDRA TRADERS,JANATA HARDWARE,2026-05-30,1.97
East,West Bengal,CHANDRA TRADERS,JANATA HARDWARE,2026-05-30,1.98
East,West Bengal,CHANDRA TRADERS,JANATA HARDWARE,2026-05-30,11.97
East,West Bengal,CHANDRA TRADERS,ZIDAN & AMAN HARDWARE,2026-05-15,3.46
East,West Bengal,CHANDRA TRADERS,ZIDAN & AMAN HARDWARE,2026-05-15,1.51
East,West Bengal,CHANDRA TRADERS,ZIDAN & AMAN HARDWARE,2026-05-15,1.01
East,West Bengal,CHANDRA TRADERS,ZIDAN & AMAN HARDWARE,2026-05-15,5.07
East,West Bengal,CHANDRA TRADERS,ZIDAN & AMAN HARDWARE,2026-05-15,1.01
East,West Bengal,CHANDRA TRADERS,ZIDAN & AMAN HARDWARE,2026-05-15,4.98
East,West Bengal,CHANDRA TRADERS,ZIDAN & AMAN HARDWARE,2026-05-15,3.02
East,West Bengal,JAI MATA DI STEELS,SHIB SANKAR TRADING,2026-05-07,4.02
East,West Bengal,JAI MATA DI STEELS,SHIB SANKAR TRADING,2026-05-07,2.99
East,West Bengal,JAI MATA DI STEELS,SHIB SANKAR TRADING,2026-05-07,3.01
East,West Bengal,JAI MATA DI STEELS,SHIB SANKAR TRADING,2026-05-07,2.02
East,West Bengal,KEDIA STEEL PRODUCTS PRIVATE LIMITED,RAKESH ENTERPRISES,2026-05-08,4.94
East,West Bengal,KEDIA STEEL PRODUCTS PRIVATE LIMITED,RAKESH ENTERPRISES,2026-05-08,10.01
East,West Bengal,KEDIA STEEL PRODUCTS PRIVATE LIMITED,RAKESH ENTERPRISES,2026-05-08,1.02
East,West Bengal,KEDIA STEEL PRODUCTS PRIVATE LIMITED,RAKESH ENTERPRISES,2026-05-08,9.09
East,West Bengal,MAHESHWARI SALES AGENCY,M/S GUPTA TRADERS,2026-05-09,8.0
East,West Bengal,MAHESHWARI SALES AGENCY,RAI KISHORI SUPPLIERS,2026-05-26,2.0
East,West Bengal,NERIUM MULTICOM LLP,LOKE NATH BUILDERS,2026-05-26,2.97
East,West Bengal,NERIUM MULTICOM LLP,LOKE NATH BUILDERS,2026-05-26,4.01
East,West Bengal,NERIUM MULTICOM LLP,LOKE NATH BUILDERS,2026-05-26,2.98
East,West Bengal,NERIUM MULTICOM LLP,LOKE NATH BUILDERS,2026-05-26,1.98
East,West Bengal,SILIGURI BUILDERS STORES,BUILDERS ENTERPRISE,2026-05-07,9.78
East,West Bengal,SILIGURI BUILDERS STORES,BUILDERS ENTERPRISE,2026-05-07,0.85
East,West Bengal,SILIGURI BUILDERS STORES,BUILDERS ENTERPRISE,2026-05-07,2.01
East,West Bengal,SILIGURI BUILDERS STORES,GANESH ENTERPRISE,2026-05-07,11.99
East,West Bengal,SILIGURI BUILDERS STORES,GANESH ENTERPRISE,2026-05-20,0.2
East,West Bengal,SILIGURI BUILDERS STORES,J.S.ENTERPRISE,2026-05-07,8.8
East,West Bengal,SILIGURI BUILDERS STORES,LOKENATH ENTERPRISE,2026-05-07,2.82
East,West Bengal,SILIGURI BUILDERS STORES,M/S A K HARDWARE,2026-05-07,5.57
East,West Bengal,SILIGURI BUILDERS STORES,PAUL HARDWARE NO. 1,2026-05-07,2.95
East,West Bengal,SILIGURI BUILDERS STORES,PRASAD ENTERPRISE,2026-05-07,10.26
East,West Bengal,SILIGURI BUILDERS STORES,SHREE RAM BUILDERS,2026-05-31,3.0
